{
  "kill/QQ2367911573/mother/Client/ClientProxy": 52,
  "kill/QQ2367911573/mother/Common/CommonProxy": 52,
  "kill/QQ2367911573/mother/Item/ItemNmslBlade": 52,
  "kill/QQ2367911573/mother/Nmslblade": 52,
  "kill/QQ2367911573/mother/sa/NmslSword": 52,
  "mods/flammpfeil/slashblade/gddwmzsword/ClientProxy": 52,
  "mods/flammpfeil/slashblade/gddwmzsword/CommonProxy": 52,
  "mods/flammpfeil/slashblade/gddwmzsword/GddwmzSa": 52,
  "mods/flammpfeil/slashblade/gddwmzsword/GddwmzSwordMod": 52,
  "mods/flammpfeil/slashblade/gddwmzsword/ItemGddwmzSword": 52,
  "mods/flammpfeil/slashblade/goidsword/client/proxy/ClientProxy": 52,
  "mods/flammpfeil/slashblade/goidsword/common/item/ItemGoidSword": 52,
  "mods/flammpfeil/slashblade/goidsword/common/item/ItemGoidSword2": 52,
  "mods/flammpfeil/slashblade/goidsword/common/proxy/CommonProxy": 52,
  "mods/flammpfeil/slashblade/goidsword/common/sa/GoidSword": 52,
  "mods/flammpfeil/slashblade/goidsword/common/sa/GoidSword2": 52,
  "mods/flammpfeil/slashblade/goidsword/goidswordmod": 52,
  "mods/flammpfeil/slashblade/nightblade/Item/ItemNightblade": 52,
  "mods/flammpfeil/slashblade/nightblade/Item/ItemWujinSword": 52,
  "mods/flammpfeil/slashblade/nightblade/event/EntitySA": 52,
  "mods/flammpfeil/slashblade/nightblade/event/EntitySuperSA": 52,
  "mods/flammpfeil/slashblade/nightblade/nightblade": 52,
  "mods/flammpfeil/slashblade/nightblade/proxy/ClientProxy": 52,
  "mods/flammpfeil/slashblade/nightblade/proxy/CommonProxy": 52,
  "mods/flammpfeil/slashblade/nightblade/specialattack/Night": 52,
  "mods/flammpfeil/slashblade/nightblade/specialattack/WujinSword": 52,
  "mods/flammpfeil/slashblade/nightblademod/ItemProxySword": 52,
  "mods/flammpfeil/slashblade/nightblademod/SA/Night": 52,
  "mods/flammpfeil/slashblade/nightblademod/nightblademod": 52,
  "mods/flammpfeil/slashblade/nightblademod/proxy/ClientProxy": 52,
  "mods/flammpfeil/slashblade/nightblademod/proxy/CommonProxy": 52
}