{
  "kill/QQ2367911573/mother/Item/ItemNmslBlade": {
    "name": "kill/QQ2367911573/mother/Item/ItemNmslBlade",
    "annotations": [
      {
        "type": "METHOD",
        "name": "Lnet/minecraftforge/fml/common/eventhandler/SubscribeEvent;",
        "target": "Initkatana(Lmods/flammpfeil/slashblade/named/event/LoadEvent$InitEvent;)V"
      }
    ]
  },
  "kill/QQ2367911573/mother/Nmslblade": {
    "name": "kill/QQ2367911573/mother/Nmslblade",
    "annotations": [
      {
        "type": "CLASS",
        "name": "Lnet/minecraftforge/fml/common/Mod;",
        "target": "kill/QQ2367911573/mother/Nmslblade",
        "values": {
          "acceptedMinecraftVersions": {
            "value": "[1.12.2]"
          },
          "dependencies": {
            "value": "required-after:flammpfeil.slashblade"
          },
          "modid": {
            "value": "nmslblade"
          },
          "name": {
            "value": "nmslblade"
          },
          "version": {
            "value": "0.1"
          }
        }
      },
      {
        "type": "FIELD",
        "name": "Lnet/minecraftforge/fml/common/SidedProxy;",
        "target": "proxy",
        "values": {
          "clientSide": {
            "value": "kill.QQ2367911573.mother.Client.ClientProxy"
          },
          "serverSide": {
            "value": "kill.QQ2367911573.mother.Common.CommonProxy"
          }
        }
      },
      {
        "type": "FIELD",
        "name": "Lnet/minecraftforge/fml/common/Mod$Instance;",
        "target": "instance",
        "value": {
          "value": "nmslblade"
        }
      },
      {
        "type": "METHOD",
        "name": "Lnet/minecraftforge/fml/common/Mod$EventHandler;",
        "target": "preInit(Lnet/minecraftforge/fml/common/event/FMLPreInitializationEvent;)V"
      },
      {
        "type": "METHOD",
        "name": "Lnet/minecraftforge/fml/common/Mod$EventHandler;",
        "target": "init(Lnet/minecraftforge/fml/common/event/FMLInitializationEvent;)V"
      },
      {
        "type": "METHOD",
        "name": "Lnet/minecraftforge/fml/common/Mod$EventHandler;",
        "target": "postInit(Lnet/minecraftforge/fml/common/event/FMLPostInitializationEvent;)V"
      }
    ]
  },
  "mods/flammpfeil/slashblade/gddwmzsword/GddwmzSwordMod": {
    "name": "mods/flammpfeil/slashblade/gddwmzsword/GddwmzSwordMod",
    "annotations": [
      {
        "type": "CLASS",
        "name": "Lnet/minecraftforge/fml/common/Mod;",
        "target": "mods/flammpfeil/slashblade/gddwmzsword/GddwmzSwordMod",
        "values": {
          "acceptedMinecraftVersions": {
            "value": "[1.12.2]"
          },
          "dependencies": {
            "value": "required-after:flammpfeil.slashblade"
          },
          "modid": {
            "value": "gddwmzswordmod"
          },
          "name": {
            "value": "GddwmzSwordMod"
          },
          "version": {
            "value": "0.1"
          }
        }
      },
      {
        "type": "FIELD",
        "name": "Lnet/minecraftforge/fml/common/SidedProxy;",
        "target": "proxy",
        "values": {
          "clientSide": {
            "value": "mods.flammpfeil.slashblade.gddwmzsword.ClientProxy"
          },
          "serverSide": {
            "value": "mods.flammpfeil.slashblade.gddwmzsword.CommonProxy"
          }
        }
      },
      {
        "type": "FIELD",
        "name": "Lnet/minecraftforge/fml/common/Mod$Instance;",
        "target": "instance",
        "value": {
          "value": "gddwmzswordmod"
        }
      },
      {
        "type": "METHOD",
        "name": "Lnet/minecraftforge/fml/common/Mod$EventHandler;",
        "target": "preInit(Lnet/minecraftforge/fml/common/event/FMLPreInitializationEvent;)V"
      },
      {
        "type": "METHOD",
        "name": "Lnet/minecraftforge/fml/common/Mod$EventHandler;",
        "target": "init(Lnet/minecraftforge/fml/common/event/FMLInitializationEvent;)V"
      },
      {
        "type": "METHOD",
        "name": "Lnet/minecraftforge/fml/common/Mod$EventHandler;",
        "target": "postInit(Lnet/minecraftforge/fml/common/event/FMLPostInitializationEvent;)V"
      }
    ]
  },
  "mods/flammpfeil/slashblade/gddwmzsword/ItemGddwmzSword": {
    "name": "mods/flammpfeil/slashblade/gddwmzsword/ItemGddwmzSword",
    "annotations": [
      {
        "type": "METHOD",
        "name": "Lnet/minecraftforge/fml/common/eventhandler/SubscribeEvent;",
        "target": "Initkatana(Lmods/flammpfeil/slashblade/named/event/LoadEvent$InitEvent;)V"
      }
    ]
  },
  "mods/flammpfeil/slashblade/goidsword/common/item/ItemGoidSword": {
    "name": "mods/flammpfeil/slashblade/goidsword/common/item/ItemGoidSword",
    "annotations": [
      {
        "type": "METHOD",
        "name": "Lnet/minecraftforge/fml/common/eventhandler/SubscribeEvent;",
        "target": "Initkatana(Lmods/flammpfeil/slashblade/named/event/LoadEvent$InitEvent;)V"
      }
    ]
  },
  "mods/flammpfeil/slashblade/goidsword/common/item/ItemGoidSword2": {
    "name": "mods/flammpfeil/slashblade/goidsword/common/item/ItemGoidSword2",
    "annotations": [
      {
        "type": "METHOD",
        "name": "Lnet/minecraftforge/fml/common/eventhandler/SubscribeEvent;",
        "target": "Initkatana(Lmods/flammpfeil/slashblade/named/event/LoadEvent$InitEvent;)V"
      }
    ]
  },
  "mods/flammpfeil/slashblade/goidsword/goidswordmod": {
    "name": "mods/flammpfeil/slashblade/goidsword/goidswordmod",
    "annotations": [
      {
        "type": "CLASS",
        "name": "Lnet/minecraftforge/fml/common/Mod;",
        "target": "mods/flammpfeil/slashblade/goidsword/goidswordmod",
        "values": {
          "acceptedMinecraftVersions": {
            "value": "[1.12.2]"
          },
          "dependencies": {
            "value": "required-after:flammpfeil.slashblade"
          },
          "modid": {
            "value": "goidswordmod"
          },
          "name": {
            "value": "GoidSwordMod"
          },
          "version": {
            "value": "0.1"
          }
        }
      },
      {
        "type": "FIELD",
        "name": "Lnet/minecraftforge/fml/common/SidedProxy;",
        "target": "proxy",
        "values": {
          "clientSide": {
            "value": "mods.flammpfeil.slashblade.goidsword.client.proxy.ClientProxy"
          },
          "serverSide": {
            "value": "mods.flammpfeil.slashblade.goidsword.client.proxy.CommonProxy"
          }
        }
      },
      {
        "type": "FIELD",
        "name": "Lnet/minecraftforge/fml/common/Mod$Instance;",
        "target": "instance",
        "value": {
          "value": "goidswordmod"
        }
      },
      {
        "type": "METHOD",
        "name": "Lnet/minecraftforge/fml/common/Mod$EventHandler;",
        "target": "preInit(Lnet/minecraftforge/fml/common/event/FMLPreInitializationEvent;)V"
      },
      {
        "type": "METHOD",
        "name": "Lnet/minecraftforge/fml/common/Mod$EventHandler;",
        "target": "init(Lnet/minecraftforge/fml/common/event/FMLInitializationEvent;)V"
      },
      {
        "type": "METHOD",
        "name": "Lnet/minecraftforge/fml/common/Mod$EventHandler;",
        "target": "postInit(Lnet/minecraftforge/fml/common/event/FMLPostInitializationEvent;)V"
      }
    ]
  },
  "mods/flammpfeil/slashblade/nightblade/Item/ItemNightblade": {
    "name": "mods/flammpfeil/slashblade/nightblade/Item/ItemNightblade",
    "annotations": [
      {
        "type": "METHOD",
        "name": "Lnet/minecraftforge/fml/common/eventhandler/SubscribeEvent;",
        "target": "Initkatana(Lmods/flammpfeil/slashblade/named/event/LoadEvent$InitEvent;)V"
      }
    ]
  },
  "mods/flammpfeil/slashblade/nightblade/Item/ItemWujinSword": {
    "name": "mods/flammpfeil/slashblade/nightblade/Item/ItemWujinSword",
    "annotations": [
      {
        "type": "METHOD",
        "name": "Lnet/minecraftforge/fml/common/eventhandler/SubscribeEvent;",
        "target": "Initkatana(Lmods/flammpfeil/slashblade/named/event/LoadEvent$InitEvent;)V"
      }
    ]
  },
  "mods/flammpfeil/slashblade/nightblade/nightblade": {
    "name": "mods/flammpfeil/slashblade/nightblade/nightblade",
    "annotations": [
      {
        "type": "CLASS",
        "name": "Lnet/minecraftforge/fml/common/Mod;",
        "target": "mods/flammpfeil/slashblade/nightblade/nightblade",
        "values": {
          "acceptedMinecraftVersions": {
            "value": "[1.12.2]"
          },
          "dependencies": {
            "value": "required-after:flammpfeil.slashblade;required-after:lolipickaxe"
          },
          "modid": {
            "value": "nightblademod"
          },
          "name": {
            "value": "NightbladeMod"
          },
          "version": {
            "value": "0.3"
          }
        }
      },
      {
        "type": "FIELD",
        "name": "Lnet/minecraftforge/fml/common/SidedProxy;",
        "target": "proxy",
        "values": {
          "clientSide": {
            "value": "mods.flammpfeil.slashblade.nightblade.proxy.ClientProxy"
          },
          "serverSide": {
            "value": "mods.flammpfeil.slashblade.nightblade.proxy.CommonProxy"
          }
        }
      },
      {
        "type": "FIELD",
        "name": "Lnet/minecraftforge/fml/common/Mod$Instance;",
        "target": "instance",
        "value": {
          "value": "nightblademod"
        }
      },
      {
        "type": "METHOD",
        "name": "Lnet/minecraftforge/fml/common/Mod$EventHandler;",
        "target": "preInit(Lnet/minecraftforge/fml/common/event/FMLPreInitializationEvent;)V"
      },
      {
        "type": "METHOD",
        "name": "Lnet/minecraftforge/fml/common/Mod$EventHandler;",
        "target": "init(Lnet/minecraftforge/fml/common/event/FMLInitializationEvent;)V"
      },
      {
        "type": "METHOD",
        "name": "Lnet/minecraftforge/fml/common/Mod$EventHandler;",
        "target": "postInit(Lnet/minecraftforge/fml/common/event/FMLPostInitializationEvent;)V"
      }
    ]
  },
  "mods/flammpfeil/slashblade/nightblade/specialattack/Night": {
    "name": "mods/flammpfeil/slashblade/nightblade/specialattack/Night",
    "interfaces": [
      "mods/flammpfeil/slashblade/specialattack/IJustSpecialAttack",
      "mods/flammpfeil/slashblade/specialattack/ISuperSpecialAttack"
    ]
  },
  "mods/flammpfeil/slashblade/nightblade/specialattack/WujinSword": {
    "name": "mods/flammpfeil/slashblade/nightblade/specialattack/WujinSword",
    "interfaces": [
      "mods/flammpfeil/slashblade/specialattack/IJustSpecialAttack",
      "mods/flammpfeil/slashblade/specialattack/ISuperSpecialAttack"
    ]
  },
  "mods/flammpfeil/slashblade/nightblademod/ItemProxySword": {
    "name": "mods/flammpfeil/slashblade/nightblademod/ItemProxySword",
    "annotations": [
      {
        "type": "METHOD",
        "name": "Lnet/minecraftforge/fml/common/eventhandler/SubscribeEvent;",
        "target": "Initkatana(Lmods/flammpfeil/slashblade/named/event/LoadEvent$InitEvent;)V"
      }
    ]
  },
  "mods/flammpfeil/slashblade/nightblademod/nightblademod": {
    "name": "mods/flammpfeil/slashblade/nightblademod/nightblademod",
    "annotations": [
      {
        "type": "CLASS",
        "name": "Lnet/minecraftforge/fml/common/Mod;",
        "target": "mods/flammpfeil/slashblade/nightblademod/nightblademod",
        "values": {
          "acceptedMinecraftVersions": {
            "value": "[1.12.2]"
          },
          "dependencies": {
            "value": "required-after:flammpfeil.slashblade"
          },
          "modid": {
            "value": "nightbladeproxymod2"
          },
          "name": {
            "value": "NightbladeProxyMod2"
          },
          "version": {
            "value": "0.1"
          }
        }
      },
      {
        "type": "FIELD",
        "name": "Lnet/minecraftforge/fml/common/SidedProxy;",
        "target": "proxy",
        "values": {
          "clientSide": {
            "value": "mods.flammpfeil.slashblade.nightblademod.proxy.ClientProxy"
          },
          "serverSide": {
            "value": "mods.flammpfeil.slashblade.nightblademod.proxy.CommonProxy"
          }
        }
      },
      {
        "type": "FIELD",
        "name": "Lnet/minecraftforge/fml/common/Mod$Instance;",
        "target": "instance",
        "value": {
          "value": "nightbladeproxymod2"
        }
      },
      {
        "type": "METHOD",
        "name": "Lnet/minecraftforge/fml/common/Mod$EventHandler;",
        "target": "preInit(Lnet/minecraftforge/fml/common/event/FMLPreInitializationEvent;)V"
      },
      {
        "type": "METHOD",
        "name": "Lnet/minecraftforge/fml/common/Mod$EventHandler;",
        "target": "init(Lnet/minecraftforge/fml/common/event/FMLInitializationEvent;)V"
      },
      {
        "type": "METHOD",
        "name": "Lnet/minecraftforge/fml/common/Mod$EventHandler;",
        "target": "postInit(Lnet/minecraftforge/fml/common/event/FMLPostInitializationEvent;)V"
      }
    ]
  }
}